{"cameraMode":{"drawMode":0,"name":"Shaded","section":"Shading Mode"},"sceneLighting":false,"audioPlay":false,"sceneViewState":{"showFog":true,"showMaterialUpdate":false,"showSkybox":false,"showFlares":true,"showImageEffects":true,"showParticleSystems":true},"in2DMode":false,"pivot":{"x":12.513015747070313,"y":4.989877700805664,"z":-7.998023986816406},"rotation":{"x":0.2827243506908417,"y":0.6221063137054443,"z":-0.25750911235809328,"w":0.6832293272018433},"size":1.2247449159622193,"orthographic":false}